sample_id	raw_r1	raw_r2
ID_DRTO_1	20098D-04-01_S119_L003_R1_001.fastq.gz	20098D-04-01_S119_L003_R2_001.fastq.gz
ID_DRTO_2	20098D-04-02_S120_L003_R1_001.fastq.gz	20098D-04-02_S120_L003_R2_001.fastq.gz
ID_DRTO_3	20098D-04-03_S121_L003_R1_001.fastq.gz	20098D-04-03_S121_L003_R2_001.fastq.gz
ID_DRTO_4	20098D-04-04_S122_L003_R1_001.fastq.gz	20098D-04-04_S122_L003_R2_001.fastq.gz
ID_DRTO_5	20098D-04-05_S123_L003_R1_001.fastq.gz	20098D-04-05_S123_L003_R2_001.fastq.gz
ID_DRTO_6	20098D-04-06_S124_L003_R1_001.fastq.gz	20098D-04-06_S124_L003_R2_001.fastq.gz
ID_DRTO_7	20098D-04-07_S125_L003_R1_001.fastq.gz	20098D-04-07_S125_L003_R2_001.fastq.gz
ID_DRTO_8	20098D-04-08_S126_L003_R1_001.fastq.gz	20098D-04-08_S126_L003_R2_001.fastq.gz
ID_DRTO_9	20098D-04-09_S127_L003_R1_001.fastq.gz	20098D-04-09_S127_L003_R2_001.fastq.gz
ID_DRTO_10	20098D-04-10_S128_L003_R1_001.fastq.gz	20098D-04-10_S128_L003_R2_001.fastq.gz
ID_DRTO_11	20098D-04-11_S129_L003_R1_001.fastq.gz	20098D-04-11_S129_L003_R2_001.fastq.gz
ID_DRTO_12	20098D-04-12_S214_L003_R1_001.fastq.gz	20098D-04-12_S214_L003_R2_001.fastq.gz
ID_DRTO_13	20098D-04-13_S130_L003_R1_001.fastq.gz	20098D-04-13_S130_L003_R2_001.fastq.gz
ID_DRTO_14	20098D-04-14_S131_L003_R1_001.fastq.gz	20098D-04-14_S131_L003_R2_001.fastq.gz
ID_DRTO_15	20098D-04-15_S132_L003_R1_001.fastq.gz	20098D-04-15_S132_L003_R2_001.fastq.gz
ID_DRTO_16	20098D-04-16_S133_L003_R1_001.fastq.gz	20098D-04-16_S133_L003_R2_001.fastq.gz
ID_DRTO_17	20098D-04-17_S134_L003_R1_001.fastq.gz	20098D-04-17_S134_L003_R2_001.fastq.gz
ID_DRTO_18	20098D-04-18_S135_L003_R1_001.fastq.gz	20098D-04-18_S135_L003_R2_001.fastq.gz
ID_DRTO_19	20098D-04-19_S136_L003_R1_001.fastq.gz	20098D-04-19_S136_L003_R2_001.fastq.gz
ID_DRTO_20	20098D-04-20_S137_L003_R1_001.fastq.gz	20098D-04-20_S137_L003_R2_001.fastq.gz
ID_DRTO_21	20098D-04-21_S138_L003_R1_001.fastq.gz	20098D-04-21_S138_L003_R2_001.fastq.gz
ID_DRTO_22	20098D-04-22_S139_L003_R1_001.fastq.gz	20098D-04-22_S139_L003_R2_001.fastq.gz
ID_DRTO_23	20098D-04-23_S140_L003_R1_001.fastq.gz	20098D-04-23_S140_L003_R2_001.fastq.gz
ID_DRTO_24	20098D-04-24_S141_L003_R1_001.fastq.gz	20098D-04-24_S141_L003_R2_001.fastq.gz
ID_DRTO_25	20098D-04-25_S142_L003_R1_001.fastq.gz	20098D-04-25_S142_L003_R2_001.fastq.gz
ID_DRTO_26	20098D-04-26_S143_L003_R1_001.fastq.gz	20098D-04-26_S143_L003_R2_001.fastq.gz
ID_DRTO_27	20098D-04-27_S144_L003_R1_001.fastq.gz	20098D-04-27_S144_L003_R2_001.fastq.gz
ID_DRTO_28	20098D-04-28_S145_L003_R1_001.fastq.gz	20098D-04-28_S145_L003_R2_001.fastq.gz
ID_DRTO_29	20098D-04-29_S146_L003_R1_001.fastq.gz	20098D-04-29_S146_L003_R2_001.fastq.gz
ID_DRTO_30	20098D-04-30_S147_L003_R1_001.fastq.gz	20098D-04-30_S147_L003_R2_001.fastq.gz
ID_DRTO_31	20098D-04-31_S148_L003_R1_001.fastq.gz	20098D-04-31_S148_L003_R2_001.fastq.gz
ID_DRTO_32	20098D-04-32_S149_L003_R1_001.fastq.gz	20098D-04-32_S149_L003_R2_001.fastq.gz
ID_DRTO_33	20098D-04-33_S150_L003_R1_001.fastq.gz	20098D-04-33_S150_L003_R2_001.fastq.gz
ID_DRTO_34	20098D-04-34_S151_L003_R1_001.fastq.gz	20098D-04-34_S151_L003_R2_001.fastq.gz
ID_DRTO_35	20098D-04-35_S152_L003_R1_001.fastq.gz	20098D-04-35_S152_L003_R2_001.fastq.gz
ID_DRTO_36	20098D-04-36_S153_L003_R1_001.fastq.gz	20098D-04-36_S153_L003_R2_001.fastq.gz
ID_DRTO_37	20098D-04-37_S154_L003_R1_001.fastq.gz	20098D-04-37_S154_L003_R2_001.fastq.gz
ID_DRTO_38	20098D-04-38_S155_L003_R1_001.fastq.gz	20098D-04-38_S155_L003_R2_001.fastq.gz
ID_DRTO_39	20098D-04-39_S156_L003_R1_001.fastq.gz	20098D-04-39_S156_L003_R2_001.fastq.gz
ID_DRTO_40	20098D-04-40_S157_L003_R1_001.fastq.gz	20098D-04-40_S157_L003_R2_001.fastq.gz
ID_DRTO_41	20098D-04-41_S158_L003_R1_001.fastq.gz	20098D-04-41_S158_L003_R2_001.fastq.gz
ID_DRTO_42	20098D-04-42_S159_L003_R1_001.fastq.gz	20098D-04-42_S159_L003_R2_001.fastq.gz
ID_DRTO_43	20098D-04-43_S160_L003_R1_001.fastq.gz	20098D-04-43_S160_L003_R2_001.fastq.gz
ID_DRTO_44	20098D-04-44_S161_L003_R1_001.fastq.gz	20098D-04-44_S161_L003_R2_001.fastq.gz
ID_DRTO_45	20098D-04-45_S162_L003_R1_001.fastq.gz	20098D-04-45_S162_L003_R2_001.fastq.gz
ID_DRTO_46	20098D-04-46_S163_L003_R1_001.fastq.gz	20098D-04-46_S163_L003_R2_001.fastq.gz
ID_DRTO_47	20098D-04-47_S164_L003_R1_001.fastq.gz	20098D-04-47_S164_L003_R2_001.fastq.gz
ID_DRTO_48	20098D-04-48_S165_L003_R1_001.fastq.gz	20098D-04-48_S165_L003_R2_001.fastq.gz
ID_DRTO_49	20098D-04-49_S166_L003_R1_001.fastq.gz	20098D-04-49_S166_L003_R2_001.fastq.gz
ID_DRTO_50	20098D-04-50_S167_L003_R1_001.fastq.gz	20098D-04-50_S167_L003_R2_001.fastq.gz
ID_DRTO_53	20098D-04-51_S168_L003_R1_001.fastq.gz	20098D-04-51_S168_L003_R2_001.fastq.gz
ID_DRTO_54	20098D-04-52_S169_L003_R1_001.fastq.gz	20098D-04-52_S169_L003_R2_001.fastq.gz
ID_DRTO_55	20098D-04-53_S170_L003_R1_001.fastq.gz	20098D-04-53_S170_L003_R2_001.fastq.gz
ID_DRTO_56	20098D-04-54_S171_L003_R1_001.fastq.gz	20098D-04-54_S171_L003_R2_001.fastq.gz
ID_DRTO_57	20098D-04-55_S172_L003_R1_001.fastq.gz	20098D-04-55_S172_L003_R2_001.fastq.gz
ID_DRTO_58	20098D-04-56_S173_L003_R1_001.fastq.gz	20098D-04-56_S173_L003_R2_001.fastq.gz
ID_DRTO_59	20098D-04-57_S174_L003_R1_001.fastq.gz	20098D-04-57_S174_L003_R2_001.fastq.gz
ID_DRTO_60	20098D-04-58_S175_L003_R1_001.fastq.gz	20098D-04-58_S175_L003_R2_001.fastq.gz
ID_DRTO_61	20098D-04-59_S176_L003_R1_001.fastq.gz	20098D-04-59_S176_L003_R2_001.fastq.gz
ID_DRTO_62	20098D-04-60_S177_L003_R1_001.fastq.gz	20098D-04-60_S177_L003_R2_001.fastq.gz
ID_DRTO_63	20098D-04-61_S178_L003_R1_001.fastq.gz	20098D-04-61_S178_L003_R2_001.fastq.gz
ID_DRTO_64	20098D-04-62_S179_L003_R1_001.fastq.gz	20098D-04-62_S179_L003_R2_001.fastq.gz
ID_DRTO_65	20098D-04-63_S180_L003_R1_001.fastq.gz	20098D-04-63_S180_L003_R2_001.fastq.gz
ID_DRTO_66	20098D-04-64_S181_L003_R1_001.fastq.gz	20098D-04-64_S181_L003_R2_001.fastq.gz
ID_DRTO_67	20098D-04-65_S182_L003_R1_001.fastq.gz	20098D-04-65_S182_L003_R2_001.fastq.gz
ID_DRTO_68	20098D-04-66_S183_L003_R1_001.fastq.gz	20098D-04-66_S183_L003_R2_001.fastq.gz
ID_DRTO_69	20098D-04-67_S184_L003_R1_001.fastq.gz	20098D-04-67_S184_L003_R2_001.fastq.gz
ID_DRTO_70	20098D-04-68_S185_L003_R1_001.fastq.gz	20098D-04-68_S185_L003_R2_001.fastq.gz
ID_DRTO_71	20098D-04-69_S186_L003_R1_001.fastq.gz	20098D-04-69_S186_L003_R2_001.fastq.gz
ID_DRTO_72	20098D-04-70_S187_L003_R1_001.fastq.gz	20098D-04-70_S187_L003_R2_001.fastq.gz
ID_DRTO_73	20098D-04-71_S188_L003_R1_001.fastq.gz	20098D-04-71_S188_L003_R2_001.fastq.gz
ID_DRTO_74	20098D-04-72_S189_L003_R1_001.fastq.gz	20098D-04-72_S189_L003_R2_001.fastq.gz
ID_DRTO_75	20098D-04-73_S190_L003_R1_001.fastq.gz	20098D-04-73_S190_L003_R2_001.fastq.gz
ID_DRTO_76	20098D-04-74_S191_L003_R1_001.fastq.gz	20098D-04-74_S191_L003_R2_001.fastq.gz
ID_DRTO_77	20098D-04-75_S192_L003_R1_001.fastq.gz	20098D-04-75_S192_L003_R2_001.fastq.gz
ID_DRTO_78	20098D-04-76_S193_L003_R1_001.fastq.gz	20098D-04-76_S193_L003_R2_001.fastq.gz
ID_DRTO_79	20098D-04-77_S194_L003_R1_001.fastq.gz	20098D-04-77_S194_L003_R2_001.fastq.gz
ID_DRTO_80	20098D-04-78_S195_L003_R1_001.fastq.gz	20098D-04-78_S195_L003_R2_001.fastq.gz
ID_DRTO_81	20098D-04-79_S196_L003_R1_001.fastq.gz	20098D-04-79_S196_L003_R2_001.fastq.gz
ID_DRTO_82	20098D-04-80_S197_L003_R1_001.fastq.gz	20098D-04-80_S197_L003_R2_001.fastq.gz
ID_DRTO_83	20098D-04-81_S198_L003_R1_001.fastq.gz	20098D-04-81_S198_L003_R2_001.fastq.gz
ID_DRTO_84	20098D-04-82_S199_L003_R1_001.fastq.gz	20098D-04-82_S199_L003_R2_001.fastq.gz
ID_DRTO_85	20098D-04-83_S200_L003_R1_001.fastq.gz	20098D-04-83_S200_L003_R2_001.fastq.gz
ID_DRTO_86	20098D-04-84_S201_L003_R1_001.fastq.gz	20098D-04-84_S201_L003_R2_001.fastq.gz
ID_DRTO_87	20098D-04-85_S202_L003_R1_001.fastq.gz	20098D-04-85_S202_L003_R2_001.fastq.gz
ID_DRTO_88	20098D-04-86_S203_L003_R1_001.fastq.gz	20098D-04-86_S203_L003_R2_001.fastq.gz
ID_DRTO_89	20098D-04-87_S204_L003_R1_001.fastq.gz	20098D-04-87_S204_L003_R2_001.fastq.gz
ID_DRTO_90	20098D-04-88_S205_L003_R1_001.fastq.gz	20098D-04-88_S205_L003_R2_001.fastq.gz
ID_DRTO_91	20098D-04-89_S206_L003_R1_001.fastq.gz	20098D-04-89_S206_L003_R2_001.fastq.gz
ID_DRTO_92	20098D-04-90_S207_L003_R1_001.fastq.gz	20098D-04-90_S207_L003_R2_001.fastq.gz
ID_DRTO_93	20098D-04-91_S208_L003_R1_001.fastq.gz	20098D-04-91_S208_L003_R2_001.fastq.gz
ID_DRTO_94	20098D-04-92_S209_L003_R1_001.fastq.gz	20098D-04-92_S209_L003_R2_001.fastq.gz
ID_DRTO_95	20098D-04-93_S210_L003_R1_001.fastq.gz	20098D-04-93_S210_L003_R2_001.fastq.gz
ID_DRTO_96	20098D-04-94_S211_L003_R1_001.fastq.gz	20098D-04-94_S211_L003_R2_001.fastq.gz
ID_DRTO_97	20098D-04-95_S212_L003_R1_001.fastq.gz	20098D-04-95_S212_L003_R2_001.fastq.gz
ID_DRTO_98	20098D-04-96_S213_L003_R1_001.fastq.gz	20098D-04-96_S213_L003_R2_001.fastq.gz
ID_DRTO_99	20098D-04-97_S19_L008_R1_001.fastq.gz	20098D-04-97_S19_L008_R2_001.fastq.gz
ID_DRTO_100	20098D-04-98_S20_L008_R1_001.fastq.gz	20098D-04-98_S20_L008_R2_001.fastq.gz
ID_DRTO_101	20098D-04-99_S21_L008_R1_001.fastq.gz	20098D-04-99_S21_L008_R2_001.fastq.gz
ID_DRTO_102	20098D-04-100_S22_L008_R1_001.fastq.gz	20098D-04-100_S22_L008_R2_001.fastq.gz
ID_DRTO_103	20098D-04-101_S23_L008_R1_001.fastq.gz	20098D-04-101_S23_L008_R2_001.fastq.gz
ID_DRTO_104	20098D-04-102_S24_L008_R1_001.fastq.gz	20098D-04-102_S24_L008_R2_001.fastq.gz
ID_DRTO_105	20098D-04-103_S25_L008_R1_001.fastq.gz	20098D-04-103_S25_L008_R2_001.fastq.gz
ID_DRTO_106	20098D-04-104_S26_L008_R1_001.fastq.gz	20098D-04-104_S26_L008_R2_001.fastq.gz
ID_DRTO_107	20098D-04-105_S27_L008_R1_001.fastq.gz	20098D-04-105_S27_L008_R2_001.fastq.gz
ID_DRTO_108	20098D-04-106_S28_L008_R1_001.fastq.gz	20098D-04-106_S28_L008_R2_001.fastq.gz
ID_DRTO_109	20098D-04-107_S29_L008_R1_001.fastq.gz	20098D-04-107_S29_L008_R2_001.fastq.gz
ID_DRTO_110	20098D-04-108_S30_L008_R1_001.fastq.gz	20098D-04-108_S30_L008_R2_001.fastq.gz
ID_DRTO_111	20098D-04-109_S31_L008_R1_001.fastq.gz	20098D-04-109_S31_L008_R2_001.fastq.gz
ID_DRTO_112	20098D-04-110_S32_L008_R1_001.fastq.gz	20098D-04-110_S32_L008_R2_001.fastq.gz
ID_DRTO_113	20098D-04-111_S33_L008_R1_001.fastq.gz	20098D-04-111_S33_L008_R2_001.fastq.gz
ID_DRTO_114	20098D-04-112_S34_L008_R1_001.fastq.gz	20098D-04-112_S34_L008_R2_001.fastq.gz
ID_DRTO_115	20098D-04-113_S35_L008_R1_001.fastq.gz	20098D-04-113_S35_L008_R2_001.fastq.gz
ID_DRTO_116	20098D-04-114_S36_L008_R1_001.fastq.gz	20098D-04-114_S36_L008_R2_001.fastq.gz
ID_DRTO_117	20098D-04-115_S37_L008_R1_001.fastq.gz	20098D-04-115_S37_L008_R2_001.fastq.gz
ID_DRTO_118	20098D-04-116_S38_L008_R1_001.fastq.gz	20098D-04-116_S38_L008_R2_001.fastq.gz
ID_DRTO_119	20098D-04-117_S39_L008_R1_001.fastq.gz	20098D-04-117_S39_L008_R2_001.fastq.gz
ID_DRTO_120	20098D-04-118_S40_L008_R1_001.fastq.gz	20098D-04-118_S40_L008_R2_001.fastq.gz
ID_DRTO_121	20098D-04-119_S41_L008_R1_001.fastq.gz	20098D-04-119_S41_L008_R2_001.fastq.gz
ID_DRTO_122	20098D-04-120_S42_L008_R1_001.fastq.gz	20098D-04-120_S42_L008_R2_001.fastq.gz
ID_DRTO_123	20098D-04-121_S43_L008_R1_001.fastq.gz	20098D-04-121_S43_L008_R2_001.fastq.gz
ID_DRTO_124	20098D-04-122_S44_L008_R1_001.fastq.gz	20098D-04-122_S44_L008_R2_001.fastq.gz
ID_DRTO_125	20098D-04-123_S45_L008_R1_001.fastq.gz	20098D-04-123_S45_L008_R2_001.fastq.gz
ID_DRTO_126	20098D-04-124_S46_L008_R1_001.fastq.gz	20098D-04-124_S46_L008_R2_001.fastq.gz
ID_DRTO_127	20098D-04-125_S47_L008_R1_001.fastq.gz	20098D-04-125_S47_L008_R2_001.fastq.gz
ID_DRTO_128	20098D-04-126_S48_L008_R1_001.fastq.gz	20098D-04-126_S48_L008_R2_001.fastq.gz
ID_DRTO_129	20098D-04-127_S49_L008_R1_001.fastq.gz	20098D-04-127_S49_L008_R2_001.fastq.gz
ID_DRTO_130	20098D-04-128_S50_L008_R1_001.fastq.gz	20098D-04-128_S50_L008_R2_001.fastq.gz
ID_DRTO_131	20098D-04-129_S51_L008_R1_001.fastq.gz	20098D-04-129_S51_L008_R2_001.fastq.gz
ID_DRTO_132	20098D-04-130_S52_L008_R1_001.fastq.gz	20098D-04-130_S52_L008_R2_001.fastq.gz
ID_DRTO_133	20098D-04-131_S53_L008_R1_001.fastq.gz	20098D-04-131_S53_L008_R2_001.fastq.gz
ID_DRTO_134	20098D-04-132_S54_L008_R1_001.fastq.gz	20098D-04-132_S54_L008_R2_001.fastq.gz
ID_DRTO_135	20098D-04-133_S55_L008_R1_001.fastq.gz	20098D-04-133_S55_L008_R2_001.fastq.gz
ID_DRTO_136	20098D-04-134_S56_L008_R1_001.fastq.gz	20098D-04-134_S56_L008_R2_001.fastq.gz
ID_DRTO_137	20098D-04-135_S57_L008_R1_001.fastq.gz	20098D-04-135_S57_L008_R2_001.fastq.gz
ID_DRTO_138	20098D-04-136_S58_L008_R1_001.fastq.gz	20098D-04-136_S58_L008_R2_001.fastq.gz
ID_DRTO_139	20098D-04-137_S59_L008_R1_001.fastq.gz	20098D-04-137_S59_L008_R2_001.fastq.gz
ID_DRTO_140	20098D-04-138_S60_L008_R1_001.fastq.gz	20098D-04-138_S60_L008_R2_001.fastq.gz
ID_DRTO_141	20098D-04-139_S61_L008_R1_001.fastq.gz	20098D-04-139_S61_L008_R2_001.fastq.gz
ID_DRTO_142	20098D-04-140_S62_L008_R1_001.fastq.gz	20098D-04-140_S62_L008_R2_001.fastq.gz
ID_DRTO_144	20098D-04-141_S63_L008_R1_001.fastq.gz	20098D-04-141_S63_L008_R2_001.fastq.gz
ID_DRTO_145	20098D-04-142_S64_L008_R1_001.fastq.gz	20098D-04-142_S64_L008_R2_001.fastq.gz
ID_DRTO_146	20098D-04-143_S65_L008_R1_001.fastq.gz	20098D-04-143_S65_L008_R2_001.fastq.gz
ID_DRTO_147	20098D-04-144_S66_L008_R1_001.fastq.gz	20098D-04-144_S66_L008_R2_001.fastq.gz
ID_DRTO_148	20098D-04-145_S67_L008_R1_001.fastq.gz	20098D-04-145_S67_L008_R2_001.fastq.gz
ID_DRTO_149	20098D-04-146_S68_L008_R1_001.fastq.gz	20098D-04-146_S68_L008_R2_001.fastq.gz
ID_DRTO_150	20098D-04-147_S69_L008_R1_001.fastq.gz	20098D-04-147_S69_L008_R2_001.fastq.gz
ID_DRTO_152	20098D-04-148_S70_L008_R1_001.fastq.gz	20098D-04-148_S70_L008_R2_001.fastq.gz
ID_DRTO_153	20098D-04-149_S71_L008_R1_001.fastq.gz	20098D-04-149_S71_L008_R2_001.fastq.gz
ID_DRTO_154	20098D-04-150_S72_L008_R1_001.fastq.gz	20098D-04-150_S72_L008_R2_001.fastq.gz
ID_DRTO_155	20098D-04-151_S73_L008_R1_001.fastq.gz	20098D-04-151_S73_L008_R2_001.fastq.gz
ID_DRTO_156	20098D-04-152_S74_L008_R1_001.fastq.gz	20098D-04-152_S74_L008_R2_001.fastq.gz
ID_DRTO_157	20098D-04-153_S75_L008_R1_001.fastq.gz	20098D-04-153_S75_L008_R2_001.fastq.gz
ID_DRTO_158	20098D-04-154_S76_L008_R1_001.fastq.gz	20098D-04-154_S76_L008_R2_001.fastq.gz
ID_DRTO_159	20098D-04-155_S77_L008_R1_001.fastq.gz	20098D-04-155_S77_L008_R2_001.fastq.gz
ID_DRTO_160	20098D-04-156_S78_L008_R1_001.fastq.gz	20098D-04-156_S78_L008_R2_001.fastq.gz
ID_DRTO_161	20098D-04-157_S79_L008_R1_001.fastq.gz	20098D-04-157_S79_L008_R2_001.fastq.gz
ID_DRTO_162	20098D-04-158_S80_L008_R1_001.fastq.gz	20098D-04-158_S80_L008_R2_001.fastq.gz
ID_DRTO_163	20098D-04-159_S81_L008_R1_001.fastq.gz	20098D-04-159_S81_L008_R2_001.fastq.gz
ID_DRTO_164	20098D-04-160_S82_L008_R1_001.fastq.gz	20098D-04-160_S82_L008_R2_001.fastq.gz
ID_DRTO_165	20098D-04-161_S83_L008_R1_001.fastq.gz	20098D-04-161_S83_L008_R2_001.fastq.gz
ID_DRTO_166	20098D-04-162_S84_L008_R1_001.fastq.gz	20098D-04-162_S84_L008_R2_001.fastq.gz
ID_DRTO_167	20098D-04-163_S85_L008_R1_001.fastq.gz	20098D-04-163_S85_L008_R2_001.fastq.gz
ID_DRTO_168	20098D-04-164_S86_L008_R1_001.fastq.gz	20098D-04-164_S86_L008_R2_001.fastq.gz
ID_DRTO_169	20098D-04-165_S87_L008_R1_001.fastq.gz	20098D-04-165_S87_L008_R2_001.fastq.gz
ID_DRTO_170	20098D-04-166_S88_L008_R1_001.fastq.gz	20098D-04-166_S88_L008_R2_001.fastq.gz
ID_DRTO_171	20098D-04-167_S89_L008_R1_001.fastq.gz	20098D-04-167_S89_L008_R2_001.fastq.gz
ID_DRTO_172	20098D-04-168_S90_L008_R1_001.fastq.gz	20098D-04-168_S90_L008_R2_001.fastq.gz
ID_DRTO_173	20098D-04-169_S91_L008_R1_001.fastq.gz	20098D-04-169_S91_L008_R2_001.fastq.gz
ID_DRTO_174	20098D-04-170_S92_L008_R1_001.fastq.gz	20098D-04-170_S92_L008_R2_001.fastq.gz
ID_DRTO_175	20098D-04-171_S93_L008_R1_001.fastq.gz	20098D-04-171_S93_L008_R2_001.fastq.gz
ID_DRTO_176	20098D-04-172_S94_L008_R1_001.fastq.gz	20098D-04-172_S94_L008_R2_001.fastq.gz
ID_DRTO_177	20098D-04-173_S95_L008_R1_001.fastq.gz	20098D-04-173_S95_L008_R2_001.fastq.gz
ID_DRTO_179	20098D-04-174_S96_L008_R1_001.fastq.gz	20098D-04-174_S96_L008_R2_001.fastq.gz
ID_DRTO_180	20098D-04-175_S97_L008_R1_001.fastq.gz	20098D-04-175_S97_L008_R2_001.fastq.gz
ID_DRTO_181	20098D-04-176_S98_L008_R1_001.fastq.gz	20098D-04-176_S98_L008_R2_001.fastq.gz
ID_DRTO_182	20098D-04-177_S99_L008_R1_001.fastq.gz	20098D-04-177_S99_L008_R2_001.fastq.gz
ID_DRTO_183	20098D-04-178_S100_L008_R1_001.fastq.gz	20098D-04-178_S100_L008_R2_001.fastq.gz
ID_DRTO_184	20098D-04-179_S101_L008_R1_001.fastq.gz	20098D-04-179_S101_L008_R2_001.fastq.gz
ID_DRTO_185	20098D-04-180_S102_L008_R1_001.fastq.gz	20098D-04-180_S102_L008_R2_001.fastq.gz
ID_DRTO_186	20098D-04-181_S103_L008_R1_001.fastq.gz	20098D-04-181_S103_L008_R2_001.fastq.gz
ID_DRTO_187	20098D-04-182_S104_L008_R1_001.fastq.gz	20098D-04-182_S104_L008_R2_001.fastq.gz
ID_DRTO_188	20098D-04-183_S105_L008_R1_001.fastq.gz	20098D-04-183_S105_L008_R2_001.fastq.gz
ID_DRTO_189	20098D-04-184_S106_L008_R1_001.fastq.gz	20098D-04-184_S106_L008_R2_001.fastq.gz
ID_DRTO_190	20098D-04-185_S107_L008_R1_001.fastq.gz	20098D-04-185_S107_L008_R2_001.fastq.gz
ID_DRTO_191	20098D-04-186_S108_L008_R1_001.fastq.gz	20098D-04-186_S108_L008_R2_001.fastq.gz
ID_DRTO_192	20098D-04-187_S109_L008_R1_001.fastq.gz	20098D-04-187_S109_L008_R2_001.fastq.gz
ID_DRTO_193	20098D-04-188_S110_L008_R1_001.fastq.gz	20098D-04-188_S110_L008_R2_001.fastq.gz
ID_DRTO_194	20098D-04-189_S61_L005_R1_001.fastq.gz	20098D-04-189_S61_L005_R2_001.fastq.gz
ID_DRTO_195	20098D-04-190_S111_L008_R1_001.fastq.gz	20098D-04-190_S111_L008_R2_001.fastq.gz
ID_DRTO_196	20098D-04-191_S112_L008_R1_001.fastq.gz	20098D-04-191_S112_L008_R2_001.fastq.gz
ID_DRTO_197	20098D-04-192_S113_L008_R1_001.fastq.gz	20098D-04-192_S113_L008_R2_001.fastq.gz
ID_DRTO_198	20098D-04-193_S114_L002_R1_001.fastq.gz	20098D-04-193_S114_L002_R2_001.fastq.gz
ID_DRTO_199	20098D-04-194_S43_L002_R1_001.fastq.gz	20098D-04-194_S43_L002_R2_001.fastq.gz
ID_DRTO_200	20098D-04-195_S44_L002_R1_001.fastq.gz	20098D-04-195_S44_L002_R2_001.fastq.gz
ID_DRTO_201	20098D-04-196_S45_L002_R1_001.fastq.gz	20098D-04-196_S45_L002_R2_001.fastq.gz
ID_DRTO_202	20098D-04-197_S46_L002_R1_001.fastq.gz	20098D-04-197_S46_L002_R2_001.fastq.gz
ID_CRF_019	20098D-04-198_S47_L002_R1_001.fastq.gz	20098D-04-198_S47_L002_R2_001.fastq.gz
ID_CRF_039	20098D-04-199_S48_L002_R1_001.fastq.gz	20098D-04-199_S48_L002_R2_001.fastq.gz
ID_CRF_040	20098D-04-200_S49_L002_R1_001.fastq.gz	20098D-04-200_S49_L002_R2_001.fastq.gz
ID_CRF_043	20098D-04-201_S115_L002_R1_001.fastq.gz	20098D-04-201_S115_L002_R2_001.fastq.gz
ID_CRF_053	20098D-04-202_S50_L002_R1_001.fastq.gz	20098D-04-202_S50_L002_R2_001.fastq.gz
ID_CRF_076	20098D-04-203_S51_L002_R1_001.fastq.gz	20098D-04-203_S51_L002_R2_001.fastq.gz
ID_CRF_087	20098D-04-204_S52_L002_R1_001.fastq.gz	20098D-04-204_S52_L002_R2_001.fastq.gz
ID_CRF_112	20098D-04-205_S53_L002_R1_001.fastq.gz	20098D-04-205_S53_L002_R2_001.fastq.gz
ID_CRF_119	20098D-04-206_S54_L002_R1_001.fastq.gz	20098D-04-206_S54_L002_R2_001.fastq.gz
ID_CRF_13	20098D-04-208_S55_L002_R1_001.fastq.gz	20098D-04-208_S55_L002_R2_001.fastq.gz
ID_CRF_20	20098D-04-209_S116_L002_R1_001.fastq.gz	20098D-04-209_S116_L002_R2_001.fastq.gz
ID_CRF_23	20098D-04-210_S117_L002_R1_001.fastq.gz	20098D-04-210_S117_L002_R2_001.fastq.gz
ID_FWC_CB024	20098D-04-211_S56_L002_R1_001.fastq.gz	20098D-04-211_S56_L002_R2_001.fastq.gz
ID_CRF_29	20098D-04-212_S57_L002_R1_001.fastq.gz	20098D-04-212_S57_L002_R2_001.fastq.gz
ID_CRF_33	20098D-04-213_S58_L002_R1_001.fastq.gz	20098D-04-213_S58_L002_R2_001.fastq.gz
ID_CRF_42	20098D-04-214_S59_L002_R1_001.fastq.gz	20098D-04-214_S59_L002_R2_001.fastq.gz
ID_CRF_48	20098D-04-215_S60_L002_R1_001.fastq.gz	20098D-04-215_S60_L002_R2_001.fastq.gz
ID_CRF_51	20098D-04-216_S61_L002_R1_001.fastq.gz	20098D-04-216_S61_L002_R2_001.fastq.gz
ID_CRF_52	20098D-04-217_S118_L002_R1_001.fastq.gz	20098D-04-217_S118_L002_R2_001.fastq.gz
ID_CRF_55	20098D-04-218_S119_L002_R1_001.fastq.gz	20098D-04-218_S119_L002_R2_001.fastq.gz
ID_CRF_66	20098D-04-219_S62_L002_R1_001.fastq.gz	20098D-04-219_S62_L002_R2_001.fastq.gz
ID_CRF_68	20098D-04-220_S63_L002_R1_001.fastq.gz	20098D-04-220_S63_L002_R2_001.fastq.gz
ID_CRF_69	20098D-04-221_S64_L002_R1_001.fastq.gz	20098D-04-221_S64_L002_R2_001.fastq.gz
ID_CRF_82	20098D-04-222_S120_L002_R1_001.fastq.gz	20098D-04-222_S120_L002_R2_001.fastq.gz
ID_CRF_85	20098D-04-223_S65_L002_R1_001.fastq.gz	20098D-04-223_S65_L002_R2_001.fastq.gz
ID_CRF_86	20098D-04-224_S66_L002_R1_001.fastq.gz	20098D-04-224_S66_L002_R2_001.fastq.gz
ID_CRF_94	20098D-04-225_S121_L002_R1_001.fastq.gz	20098D-04-225_S121_L002_R2_001.fastq.gz
ID_CRF_95	20098D-04-226_S67_L002_R1_001.fastq.gz	20098D-04-226_S67_L002_R2_001.fastq.gz
ID_FWC_ML3	20098D-04-227_S68_L002_R1_001.fastq.gz	20098D-04-227_S68_L002_R2_001.fastq.gz
ID_FWC_ML34	20098D-04-228_S69_L002_R1_001.fastq.gz	20098D-04-228_S69_L002_R2_001.fastq.gz
ID_FWC_ML41	20098D-04-229_S70_L002_R1_001.fastq.gz	20098D-04-229_S70_L002_R2_001.fastq.gz
ID_FWC_ML7	20098D-04-230_S71_L002_R1_001.fastq.gz	20098D-04-230_S71_L002_R2_001.fastq.gz
ID_FWC_TDT2	20098D-04-231_S72_L002_R1_001.fastq.gz	20098D-04-231_S72_L002_R2_001.fastq.gz
ID_kjs16	20098D-04-232_S73_L002_R1_001.fastq.gz	20098D-04-232_S73_L002_R2_001.fastq.gz
ID_kjs2	20098D-04-233_S122_L002_R1_001.fastq.gz	20098D-04-233_S122_L002_R2_001.fastq.gz
ID_kjs20	20098D-04-234_S123_L002_R1_001.fastq.gz	20098D-04-234_S123_L002_R2_001.fastq.gz
ID_kjs3	20098D-04-235_S74_L002_R1_001.fastq.gz	20098D-04-235_S74_L002_R2_001.fastq.gz
ID_kjs5	20098D-04-236_S75_L002_R1_001.fastq.gz	20098D-04-236_S75_L002_R2_001.fastq.gz
ID_kjs53	20098D-04-237_S76_L002_R1_001.fastq.gz	20098D-04-237_S76_L002_R2_001.fastq.gz
ID_kjs55	20098D-04-238_S77_L002_R1_001.fastq.gz	20098D-04-238_S77_L002_R2_001.fastq.gz
ID_kjs56	20098D-04-239_S78_L002_R1_001.fastq.gz	20098D-04-239_S78_L002_R2_001.fastq.gz
ID_kjs58	20098D-04-240_S79_L002_R1_001.fastq.gz	20098D-04-240_S79_L002_R2_001.fastq.gz
ID_kjs59	20098D-04-241_S124_L002_R1_001.fastq.gz	20098D-04-241_S124_L002_R2_001.fastq.gz
ID_kjs6	20098D-04-242_S125_L002_R1_001.fastq.gz	20098D-04-242_S125_L002_R2_001.fastq.gz
ID_kjs64	20098D-04-243_S80_L002_R1_001.fastq.gz	20098D-04-243_S80_L002_R2_001.fastq.gz
ID_MML_ML1	20098D-04-245_S81_L002_R1_001.fastq.gz	20098D-04-245_S81_L002_R2_001.fastq.gz
ID_MML_ML10	20098D-04-246_S82_L002_R1_001.fastq.gz	20098D-04-246_S82_L002_R2_001.fastq.gz
ID_MML_ML13	20098D-04-247_S83_L002_R1_001.fastq.gz	20098D-04-247_S83_L002_R2_001.fastq.gz
ID_MML_ML20	20098D-04-248_S84_L002_R1_001.fastq.gz	20098D-04-248_S84_L002_R2_001.fastq.gz
ID_MML_ML29	20098D-04-249_S126_L002_R1_001.fastq.gz	20098D-04-249_S126_L002_R2_001.fastq.gz
ID_FWC_ML31	20098D-04-250_S127_L002_R1_001.fastq.gz	20098D-04-250_S127_L002_R2_001.fastq.gz
ID_ML36	20098D-04-251_S85_L002_R1_001.fastq.gz	20098D-04-251_S85_L002_R2_001.fastq.gz
ID_MML_ML4	20098D-04-252_S86_L002_R1_001.fastq.gz	20098D-04-252_S86_L002_R2_001.fastq.gz
ID_MML_ML44	20098D-04-253_S87_L002_R1_001.fastq.gz	20098D-04-253_S87_L002_R2_001.fastq.gz
ID_ML46	20098D-04-254_S88_L002_R1_001.fastq.gz	20098D-04-254_S88_L002_R2_001.fastq.gz
ID_MML_ML48	20098D-04-255_S89_L002_R1_001.fastq.gz	20098D-04-255_S89_L002_R2_001.fastq.gz
ID_MML_ML5	20098D-04-256_S90_L002_R1_001.fastq.gz	20098D-04-256_S90_L002_R2_001.fastq.gz
ID_MML_ML50	20098D-04-257_S128_L002_R1_001.fastq.gz	20098D-04-257_S128_L002_R2_001.fastq.gz
ID_MML_ML51	20098D-04-258_S129_L002_R1_001.fastq.gz	20098D-04-258_S129_L002_R2_001.fastq.gz
ID_ML-54	20098D-04-259_S91_L002_R1_001.fastq.gz	20098D-04-259_S91_L002_R2_001.fastq.gz
ID_ML98	20098D-04-260_S92_L002_R1_001.fastq.gz	20098D-04-260_S92_L002_R2_001.fastq.gz
ID_MML_ML6	20098D-04-261_S93_L002_R1_001.fastq.gz	20098D-04-261_S93_L002_R2_001.fastq.gz
ID_MML_ML62	20098D-04-262_S94_L002_R1_001.fastq.gz	20098D-04-262_S94_L002_R2_001.fastq.gz
ID_MML_ML63	20098D-04-263_S95_L002_R1_001.fastq.gz	20098D-04-263_S95_L002_R2_001.fastq.gz
ID_MML_ML70	20098D-04-264_S96_L002_R1_001.fastq.gz	20098D-04-264_S96_L002_R2_001.fastq.gz
ID_MML_ML75	20098D-04-265_S130_L002_R1_001.fastq.gz	20098D-04-265_S130_L002_R2_001.fastq.gz
ID_MML_ML76	20098D-04-266_S131_L002_R1_001.fastq.gz	20098D-04-266_S131_L002_R2_001.fastq.gz
ID_MML_ML77	20098D-04-267_S97_L002_R1_001.fastq.gz	20098D-04-267_S97_L002_R2_001.fastq.gz
ID_ML78	20098D-04-268_S98_L002_R1_001.fastq.gz	20098D-04-268_S98_L002_R2_001.fastq.gz
ID_ML8	20098D-04-269_S99_L002_R1_001.fastq.gz	20098D-04-269_S99_L002_R2_001.fastq.gz
ID_MML_ML80	20098D-04-270_S100_L002_R1_001.fastq.gz	20098D-04-270_S100_L002_R2_001.fastq.gz
ID_MML_ML84	20098D-04-271_S101_L002_R1_001.fastq.gz	20098D-04-271_S101_L002_R2_001.fastq.gz
ID_MML_ML88	20098D-04-272_S102_L002_R1_001.fastq.gz	20098D-04-272_S102_L002_R2_001.fastq.gz
ID_ML89	20098D-04-273_S132_L002_R1_001.fastq.gz	20098D-04-273_S132_L002_R2_001.fastq.gz
ID_MML_ML90	20098D-04-274_S133_L002_R1_001.fastq.gz	20098D-04-274_S133_L002_R2_001.fastq.gz
ID_RRT_Ac120	20098D-04-275_S103_L002_R1_001.fastq.gz	20098D-04-275_S103_L002_R2_001.fastq.gz
ID_RRT_Ac121	20098D-04-276_S104_L002_R1_001.fastq.gz	20098D-04-276_S104_L002_R2_001.fastq.gz
ID_RRT_Ac122	20098D-04-277_S105_L002_R1_001.fastq.gz	20098D-04-277_S105_L002_R2_001.fastq.gz
ID_RRT_Ac123	20098D-04-278_S106_L002_R1_001.fastq.gz	20098D-04-278_S106_L002_R2_001.fastq.gz
ID_RRT_Ac126	20098D-04-279_S134_L002_R1_001.fastq.gz	20098D-04-279_S134_L002_R2_001.fastq.gz
ID_RRT_FM12	20098D-04-280_S107_L002_R1_001.fastq.gz	20098D-04-280_S107_L002_R2_001.fastq.gz
ID_FM-13	20098D-04-281_S135_L002_R1_001.fastq.gz	20098D-04-281_S135_L002_R2_001.fastq.gz
ID_RRT_FM19	20098D-04-282_S136_L002_R1_001.fastq.gz	20098D-04-282_S136_L002_R2_001.fastq.gz
ID_FM-20	20098D-04-283_S108_L002_R1_001.fastq.gz	20098D-04-283_S108_L002_R2_001.fastq.gz
ID_RRT_FM5	20098D-04-284_S109_L002_R1_001.fastq.gz	20098D-04-284_S109_L002_R2_001.fastq.gz
ID_RRT_FM6	20098D-04-285_S110_L002_R1_001.fastq.gz	20098D-04-285_S110_L002_R2_001.fastq.gz
ID_FM-7	20098D-04-286_S111_L002_R1_001.fastq.gz	20098D-04-286_S111_L002_R2_001.fastq.gz
ID_FM-9	20098D-04-287_S112_L002_R1_001.fastq.gz	20098D-04-287_S112_L002_R2_001.fastq.gz
ID_RRT_K1	20098D-04-288_S113_L002_R1_001.fastq.gz	20098D-04-288_S113_L002_R2_001.fastq.gz
ID_RRT_K2	20098D-04-289_S17_L005_R1_001.fastq.gz	20098D-04-289_S17_L005_R2_001.fastq.gz
ID_RRT_K3	20098D-04-290_S18_L005_R1_001.fastq.gz	20098D-04-290_S18_L005_R2_001.fastq.gz
ID_CRF_118	20098D-04-291_S19_L005_R1_001.fastq.gz	20098D-04-291_S19_L005_R2_001.fastq.gz
ID_RRT_KW5	20098D-04-292_S20_L005_R1_001.fastq.gz	20098D-04-292_S20_L005_R2_001.fastq.gz
ID_RRT_M10	20098D-04-293_S21_L005_R1_001.fastq.gz	20098D-04-293_S21_L005_R2_001.fastq.gz
ID_RRT_M5	20098D-04-294_S22_L005_R1_001.fastq.gz	20098D-04-294_S22_L005_R2_001.fastq.gz
ID_RRT_M6	20098D-04-295_S23_L005_R1_001.fastq.gz	20098D-04-295_S23_L005_R2_001.fastq.gz
ID_RRT_M7	20098D-04-296_S24_L005_R1_001.fastq.gz	20098D-04-296_S24_L005_R2_001.fastq.gz
ID_RRT_U104	20098D-04-297_S25_L005_R1_001.fastq.gz	20098D-04-297_S25_L005_R2_001.fastq.gz
ID_RRT_U93	20098D-04-298_S26_L005_R1_001.fastq.gz	20098D-04-298_S26_L005_R2_001.fastq.gz
ID_RRT_U94	20098D-04-299_S27_L005_R1_001.fastq.gz	20098D-04-299_S27_L005_R2_001.fastq.gz
ID_UM_15y	20098D-04-300_S28_L005_R1_001.fastq.gz	20098D-04-300_S28_L005_R2_001.fastq.gz
ID_UM_16y	20098D-04-301_S29_L005_R1_001.fastq.gz	20098D-04-301_S29_L005_R2_001.fastq.gz
ID_UM_19y	20098D-04-302_S30_L005_R1_001.fastq.gz	20098D-04-302_S30_L005_R2_001.fastq.gz
ID_UM_27y	20098D-04-303_S31_L005_R1_001.fastq.gz	20098D-04-303_S31_L005_R2_001.fastq.gz
ID_UM_28y	20098D-04-304_S32_L005_R1_001.fastq.gz	20098D-04-304_S32_L005_R2_001.fastq.gz
ID_UM_29y	20098D-04-305_S33_L005_R1_001.fastq.gz	20098D-04-305_S33_L005_R2_001.fastq.gz
ID_UM_32y	20098D-04-307_S34_L005_R1_001.fastq.gz	20098D-04-307_S34_L005_R2_001.fastq.gz
ID_UM_36y	20098D-04-308_S35_L005_R1_001.fastq.gz	20098D-04-308_S35_L005_R2_001.fastq.gz
ID_UM_37y	20098D-04-309_S36_L005_R1_001.fastq.gz	20098D-04-309_S36_L005_R2_001.fastq.gz
ID_UM_38y	20098D-04-310_S37_L005_R1_001.fastq.gz	20098D-04-310_S37_L005_R2_001.fastq.gz
ID_UM_40y	20098D-04-311_S38_L005_R1_001.fastq.gz	20098D-04-311_S38_L005_R2_001.fastq.gz
ID_UM_46y	20098D-04-312_S39_L005_R1_001.fastq.gz	20098D-04-312_S39_L005_R2_001.fastq.gz
ID_UM_47y	20098D-04-313_S40_L005_R1_001.fastq.gz	20098D-04-313_S40_L005_R2_001.fastq.gz
ID_UM_48y	20098D-04-314_S41_L005_R1_001.fastq.gz	20098D-04-314_S41_L005_R2_001.fastq.gz
ID_UM_49y	20098D-04-315_S42_L005_R1_001.fastq.gz	20098D-04-315_S42_L005_R2_001.fastq.gz
ID_UM_52y	20098D-04-316_S43_L005_R1_001.fastq.gz	20098D-04-316_S43_L005_R2_001.fastq.gz
ID_UM_54y	20098D-04-317_S44_L005_R1_001.fastq.gz	20098D-04-317_S44_L005_R2_001.fastq.gz
ID_UM_58y	20098D-04-319_S45_L005_R1_001.fastq.gz	20098D-04-319_S45_L005_R2_001.fastq.gz
ID_UM_59y	20098D-04-320_S46_L005_R1_001.fastq.gz	20098D-04-320_S46_L005_R2_001.fastq.gz
ID_UM_60b	20098D-04-321_S47_L005_R1_001.fastq.gz	20098D-04-321_S47_L005_R2_001.fastq.gz
ID_UM_63y	20098D-04-322_S48_L005_R1_001.fastq.gz	20098D-04-322_S48_L005_R2_001.fastq.gz
ID_UM_64y	20098D-04-323_S49_L005_R1_001.fastq.gz	20098D-04-323_S49_L005_R2_001.fastq.gz
ID_UM_66y	20098D-04-324_S50_L005_R1_001.fastq.gz	20098D-04-324_S50_L005_R2_001.fastq.gz
ID_UM_68y	20098D-04-326_S51_L005_R1_001.fastq.gz	20098D-04-326_S51_L005_R2_001.fastq.gz
ID_UM_70y	20098D-04-327_S52_L005_R1_001.fastq.gz	20098D-04-327_S52_L005_R2_001.fastq.gz
ID_UM_71y	20098D-04-328_S53_L005_R1_001.fastq.gz	20098D-04-328_S53_L005_R2_001.fastq.gz
ID_UM_82y	20098D-04-329_S54_L005_R1_001.fastq.gz	20098D-04-329_S54_L005_R2_001.fastq.gz
ID_UM_85y	20098D-04-330_S55_L005_R1_001.fastq.gz	20098D-04-330_S55_L005_R2_001.fastq.gz
ID_UM_88y	20098D-04-331_S56_L005_R1_001.fastq.gz	20098D-04-331_S56_L005_R2_001.fastq.gz
ID_UM_89y	20098D-04-332_S57_L005_R1_001.fastq.gz	20098D-04-332_S57_L005_R2_001.fastq.gz
ID_UM_90y	20098D-04-333_S58_L005_R1_001.fastq.gz	20098D-04-333_S58_L005_R2_001.fastq.gz
ID_UM_o.85	20098D-04-334_S59_L005_R1_001.fastq.gz	20098D-04-334_S59_L005_R2_001.fastq.gz
ID_CRF_Acer59	20098D-04-335_S60_L005_R1_001.fastq.gz	20098D-04-335_S60_L005_R2_001.fastq.gz
